"Timestamp","Pesto Pasta","Pasta with Tomato Sauce","Hamburger","Pizza Margherita","Steak","Chicken Burger","Fish Filet","Grilled Chicken with Vegetables ","Escalope","Tuna Sandwich ","Ravioli","Quesadillas","Grilled Shrimps","Chocolate Tart","Lasagna","Biryani","Croissants","Mozzarella Sticks","Tacos","Ramen Noodles","Sushi","Tortillas","Brownies","Pepperoni Pizza","Mloukhiyeh","Falafel","Paella","Risotto","Ceasar Salad","Pasta Salad","Chicken Strips","French Fries","Mashed Potatoes","Riz 3a Djej","Doughnut","Pain Perdu","Cookies","Lazy Cake","Apple Pie","Macarons","Molten Chocolate Cake","Crêpes","Pancakes","Shawarma","Tiramisù","Shish Tawook","Bruschetta ","Spring Rolls","Fajitas","Lentil Soup","Fasoolia","Loubye","Omelette","Avocado Toast","Salmon Tartare","Guacamole","Garlic Bread","Eggplant Parmigiana","Roasted Cauliflower","Muffins","Custard","Banana Bread","Scrambled Eggs"
"2021/12/04 12:04:10 AM GMT+2","","5","","","5","","","5","5","","","","","5","5","2","","","","5","","","","","","2","5","","4","","5","","","","5","5","1","","3","","5","5","5","2","5","3","2","","","","","0","4","","","4","","2","5","","","5",""
"2021/12/04 12:04:28 AM GMT+2","5","","5","","5","5","5","","","5","5","5","","","5","1","5","5","","5","5","","","5","","5","1","5","5","5","5","5","","","5","5","","","5","5","5","5","5","5","5","5","","5","","5","","5","5","5","3","5","5","","5","","5","5",""
"2021/12/04 12:04:54 AM GMT+2","","5","5","5","","2","2","5","3","","5","","","","","","5","","","5","","","4","5","","1","3","","","1","4","4","5","","5","5","","","","","","5","5","4","","3","","","","3","","","5","","0","","","","","5","","","5"
"2021/12/04 12:04:59 AM GMT+2","5","4","5","2","5","5","4","5","1","3","5","4","0","4","4","5","5","1","5","5","5","5","5","3","3","2","0","4","4","3","5","5","1","3","3","1","5","1","5","5","5","1","4","5","0","2","4","5","5","5","0","3","5","0","5","0","5","0","2","2","0","2","5"
"2021/12/04 12:05:15 AM GMT+2","","0","","1","2","","0","1","2","","1","4","4","","1","4","4","2","4","0","4","","4","","0","3","2","2","4","1","1","3","1","","4","4","4","4","","","4","3","1","","4","2","2","4","3","3","3","2","1","4","","","2","4","3","2","4","",""
"2021/12/04 12:07:27 AM GMT+2","4","4","5","5","5","3","2","4","4","1","4","5","4","3","4","4","4","5","5","4","5","4","5","5","1","5","4","5","5","3","5","5","5","3","5","0","5","5","5","3","5","4","5","5","4","5","3","4","3","5","1","1","4","4","1","5","5","3","5","5","4","5","3"
"2021/12/04 12:07:43 AM GMT+2","5","4","5","5","5","5","5","5","5","4","4","4","5","5","5","5","5","5","3","4","5","4","5","5","5","4","5","5","3","5","5","5","5","5","4","5","5","5","5","5","5","5","5","5","5","5","5","5","5","5","5","4","5","5","3","3","5","3","4","4","3","5","5"
"2021/12/04 12:07:50 AM GMT+2","5","5","3","4","4","3","4","5","5","5","4","5","5","3","5","3","5","4","4","3","4","5","5","2","2","4","4","4","5","4","5","4","5","5","4","5","5","3","5","5","3","4","5","3","5","5","4","4","5","3","2","5","2","4","5","5","4","2","2","4","5","4","4"
"2021/12/04 12:08:42 AM GMT+2","4","4","5","5","3","5","3","5","5","4","4","4","3","4","5","5","4","5","4","3","1","5","5","4","3","4","5","4","5","5","5","5","4","5","4","5","5","5","5","4","5","5","5","5","4","5","5","4","5","5","3","4","3","3","4","5","5","0","3","5","5","5","4"
"2021/12/04 12:09:27 AM GMT+2","4","3","5","5","5","4","3","5","5","3","3","4","4","0","5","0","4","5","0","0","0","3","5","4","5","3","5","0","3","4","5","5","5","5","5","5","4","0","0","5","5","5","3","4","3","4","0","5","4","3","3","3","3","0","1","4","4","0","4","5","5","0","3"
"2021/12/04 12:10:14 AM GMT+2","1","5","5","4","3","5","2","5","5","4","4","0","3","3","5","3","4","5","0","2","2","3","5","5","5","3","0","0","2","3","3","5","1","4","5","0","5","5","2","5","5","5","4","5","5","4","0","3","4","2","5","3","2","2","3","3","4","0","3","5","3","0","3"
"2021/12/04 12:10:51 AM GMT+2","5","4","5","5","5","4","4","3","4","3","5","3","5","3","4","5","4","4","4","4","5","3","5","4","3","4","3","4","3","3","4","5","3","3","5","5","5","5","3","3","3","5","5","4","4","3","3","2","3","3","2","3","","2","4","4","5","2","3","3","3","3","4"
"2021/12/04 12:11:15 AM GMT+2","5","5","5","5","5","5","5","5","5","5","3","4","2","5","4","5","5","5","5","3","2","5","5","5","4","5","2","3","4","3","5","5","5","4","5","2","5","5","5","5","5","5","5","5","3","4","3","3","5","3","1","2","5","3","3","3","5","3","3","5","5","4","4"
"2021/12/04 12:11:37 AM GMT+2","4","5","4","4","5","5","5","5","5","4","3","4","2","5","5","4","5","5","5","5","5","5","5","5","4","4","4","3","4","5","5","5","3","3","4","4","5","4","3","2","5","5","5","5","5","5","5","3","5","2","5","2","3","4","3","4","5","4","4","4","3","3","3"
"2021/12/04 12:11:52 AM GMT+2","5","5","5","5","5","5","4","5","5","5","5","5","5","3","5","5","2","5","5","4","5","5","5","5","5","5","5","4","2","5","5","3","4","5","3","4","2","3","3","4","1","2","5","5","3","5","5","5","4","5","4","3","2","5","5","5","5","5","5","2","2","3","2"
"2021/12/04 12:12:39 AM GMT+2","5","5","2","5","0","4","5","3","4","3","5","5","4","5","5","3","5","5","5","5","0","5","5","5","0","4","1","4","5","5","5","5","5","5","5","5","5","5","3","5","5","5","5","5","5","4","3","2","5","4","4","1","5","5","2","5","5","0","5","5","5","4","5"
"2021/12/04 12:13:52 AM GMT+2","5","5","4","4","5","3","3","5","4","3","3","4","3","4","3","3","4","5","3","5","5","4","5","4","5","4","3","4","3","5","5","5","3","4","3","1","5","3","3","3","4","1","4","3","3","3","3","3","4","3","5","4","3","4","3","4","5","3","1","5","4","4","3"
"2021/12/04 12:15:07 AM GMT+2","4","5","4","4","3","4","2","2","4","1","0","3","1","3","2","0","3","3","1","4","0","4","5","5","4","3","0","0","5","4","4","5","1","4","3","2","4","3","3","2","5","3","3","4","5","5","0","0","3","4","2","2","2","0","0","1","2","0","4","3","2","0","2"
"2021/12/04 12:15:18 AM GMT+2","5","","","5","3","","","","5","0","4","3","2","","5","","4","","","4","","","4","","4","3","","3","","4","5","","","","","","2","","","2","2","","5","5","","","3","","","","4","","","","","3","","","0","","","","0"
"2021/12/04 12:16:15 AM GMT+2","5","4","5","4","3","5","2","3","4","2","5","5","2","3","4","0","4","5","4","4","3","3","3","5","3","4","1","3","4","4","5","4","2","3","4","4","3","3","5","2","3","5","4","4","5","4","3","4","4","2","2","4","5","3","3","3","5","0","1","5","2","0","5"
"2021/12/04 12:16:17 AM GMT+2","3","3","3","3","5","3","3","4","3","3","3","4","5","3","3","5","4","5","5","3","5","5","3","4","4","3","5","3","4","3","3","3","2","4","4","4","4","3","4","3","4","3","3","5","4","3","3","3","5","5","4","4","2","5","5","5","3","3","3","3","3","2","2"
"2021/12/04 12:17:10 AM GMT+2","5","4","4","5","3","4","2","3","5","3","3","5","5","5","5","4","5","5","5","5","5","5","5","4","2","5","3","5","5","5","5","5","5","5","5","5","5","5","5","4","5","5","4","5","3","5","5","4","5","5","2","3","5","5","3","5","5","0","5","3","3","4","5"
"2021/12/04 12:18:01 AM GMT+2","3","3","5","5","5","3","5","4","4","5","4","4","5","5","4","2","4","3","4","3","5","4","5","5","4","3","5","3","5","3","4","5","3","3","3","5","5","5","4","3","5","5","5","3","4","4","3","5","4","3","4","5","3","4","5","5","4","5","5","4","3","4","3"
"2021/12/04 12:20:19 AM GMT+2","5","5","5","5","5","5","0","5","5","0","5","4","0","","5","5","4","5","5","4","0","5","0","5","2","5","0","5","3","5","5","5","3","5","5","5","5","0","5","5","","5","5","5","5","5","3","4","4","3","3","2","5","3","0","4","5","4","3","4","5","5","4"
"2021/12/04 12:20:40 AM GMT+2","5","5","5","5","5","5","5","5","5","4","5","5","5","5","5","5","5","5","5","2","5","5","5","5","5","5","5","4","5","5","5","4","3","5","5","5","5","5","5","5","5","5","5","4","5","5","5","1","5","4","4","4","5","3","5","5","5","2","3","5","5","5","5"
"2021/12/04 12:22:13 AM GMT+2","5","5","5","5","5","5","4","5","5","5","5","4","5","5","5","0","5","5","5","5","5","5","5","5","3","5","4","5","5","5","5","5","3","4","5","5","5","5","5","5","5","5","5","5","4","5","5","5","4","0","2","1","5","5","3","5","5","0","5","5","5","5","5"
"2021/12/04 12:24:13 AM GMT+2","","","","","","5","","5","3","","1","","","","","3","3","","","","5","","","3","","","","5","","","5","","","","3","","5","2","","","","","","","3","5","3","4","","","5","5","","","5","4","","4","","1","","",""
"2021/12/04 12:24:53 AM GMT+2","4","3","5","5","3","5","3","3","5","3","4","5","2","3","4","2","5","3","5","2","3","4","5","4","2","4","1","4","3","3","5","4","4","4","5","3","5","5","2","3","3","5","5","5","5","3","4","4","5","3","2","3","4","4","3","5","3","2","2","5","4","5","4"
"2021/12/04 12:24:55 AM GMT+2","5","3","5","5","5","4","4","5","5","3","3","4","5","3","3","","5","5","4","5","5","5","5","5","5","4","5","5","4","4","5","5","1","5","5","5","5","5","3","5","5","5","5","5","3","5","4","5","5","2","4","3","3","5","5","5","5","5","5","4","4","2","4"
"2021/12/04 12:25:16 AM GMT+2","1","3","4","4","4","5","3","5","5","2","3","5","2","5","4","0","4","5","2","4","5","4","4","5","4","2","3","4","5","4","5","5","1","2","5","2","5","5","2","2","4","5","5","5","1","5","2","3","3","1","1","1","3","1","0","3","4","1","1","4","3","0","2"
"2021/12/04 12:25:38 AM GMT+2","5","5","5","5","5","2","1","3","5","1","5","5","1","2","2","0","3","4","5","0","1","5","5","1","1","0","4","3","1","3","5","5","3","5","3","5","5","4","4","2","2","5","5","4","5","4","0","1","5","1","3","2","2","1","1","1","1","1","0","3","0","5","5"
"2021/12/04 12:25:58 AM GMT+2","5","4","5","5","5","5","5","5","5","5","5","5","5","5","5","3","4","5","5","5","5","5","5","5","5","5","5","5","5","3","5","5","5","5","5","5","5","5","5","4","5","5","5","4","5","5","4","5","5","5","4","3","5","5","5","5","3","3","4","5","5","5","4"
"2021/12/04 12:26:25 AM GMT+2","3","5","5","5","5","5","2","3","5","3","4","5","1","2","5","3","5","5","3","4","3","5","5","5","4","5","0","5","4","5","5","5","4","3","5","3","4","5","2","1","4","3","3","5","3","5","3","2","5","5","3","3","3","3","","3","5","1","1","3","2","2","4"
"2021/12/04 12:26:28 AM GMT+2","5","4","5","5","2","5","2","5","4","0","4","5","4","5","5","5","5","5","5","5","5","5","5","5","5","5","5","3","5","5","5","5","5","5","5","5","5","5","0","2","5","5","5","5","3","5","5","5","5","3","3","5","5","5","3","5","5","0","0","5","4","5","5"
"2021/12/04 12:26:34 AM GMT+2","0","5","5","3","5","0","3","5","4","0","0","0","5","5","0","0","5","1","5","5","5","0","5","0","5","3","5","0","0","0","5","5","0","5","4","0","5","5","0","5","5","5","0","5","4","5","2","0","5","5","5","3","4","0","0","0","0","0","0","5","0","5","5"
"2021/12/04 12:27:00 AM GMT+2","5","5","3","5","0","5","3","5","5","0","5","5","0","5","5","5","5","5","0","3","0","5","5","0","0","5","0","5","0","0","5","5","5","5","5","5","5","5","0","5","5","5","5","0","5","0","5","0","0","5","0","0","0","0","0","0","0","0","5","5","0","0","0"
"2021/12/04 12:27:06 AM GMT+2","5","5","3","4","2","5","3","3","5","1","3","2","2","5","5","4","4","5","5","4","5","5","5","4","4","3","2","3","2","3","5","5","2","5","5","3","5","4","2","3","5","5","5","1","3","4","3","3","5","3","2","2","3","0","5","5","4","0","0","5","3","1","4"
"2021/12/04 12:27:08 AM GMT+2","5","5","5","5","5","4","5","5","5","5","5","5","2","5","4","2","5","5","5","5","5","5","5","5","5","5","2","5","5","5","5","5","5","5","5","5","5","3","2","2","5","5","5","5","5","5","4","1","5","5","5","5","5","5","5","5","5","0","5","5","5","5","5"
"2021/12/04 12:27:21 AM GMT+2","5","3","5","3","5","5","3","5","4","2","5","5","5","3","4","0","4","5","5","0","5","5","5","3","4","5","5","4","5","5","4","5","5","5","5","5","4","4","3","5","3","5","4","5","5","5","5","5","5","1","4","3","3","5","5","4","4","0","0","4","5","2","3"
"2021/12/04 12:27:26 AM GMT+2","4","5","5","3","5","4","2","5","1","1","4","3","2","3","3","0","3","5","4","3","5","3","3","3","1","0","0","2","5","4","5","5","3","2","3","3","4","2","4","4","2","5","5","3","3","4","0","4","3","0","1","1","3","1","0","3","0","1","5","2","0","2","2"
"2021/12/04 12:27:44 AM GMT+2","4","3","5","4","5","4","4","4","4","3","5","5","5","4","4","3","4","4","5","3","5","5","4","4","3","3","2","3","3","4","4","3","4","5","4","5","4","3","1","4","5","4","5","4","5","4","4","4","5","4","2","0","3","4","3","4","4","4","4","3","3","1","3"
"2021/12/04 12:27:53 AM GMT+2","5","5","5","5","5","3","5","4","4","3","5","5","5","4","5","0","4","5","5","4","5","5","3","5","5","5","5","4","5","4","5","1","5","3","5","3","3","5","5","2","5","4","5","5","5","4","5","5","5","3","3","4","5","5","5","5","5","5","5","2","5","5","5"
"2021/12/04 12:28:00 AM GMT+2","5","4","2","4","3","3","2","2","4","4","2","4","4","3","3","0","3","4","5","0","1","4","5","5","5","1","1","3","0","1","5","5","2","2","3","5","5","4","2","2","5","4","4","5","5","5","3","1","5","3","3","4","2","1","1","1","5","0","0","5","5","0","3"
"2021/12/04 12:28:40 AM GMT+2","3","3","4","2","4","4","4","3","3","4","4","3","5","4","3","3","2","3","4","4","5","4","5","3","5","4","4","4","5","3","4","5","3","2","3","5","5","3","4","4","3","3","3","4","4","4","4","5","3","4","3","3","3","4","5","3","5","3","3","4","4","4","3"
"2021/12/04 12:28:49 AM GMT+2","5","4","5","5","5","5","5","5","5","5","4","5","5","5","5","4","5","5","5","5","5","5","5","5","1","5","5","5","5","4","5","5","5","5","5","4","5","5","3","5","5","5","5","5","5","5","4","3","5","5","5","5","5","2","3","5","4","0","1","5","5","5","5"
"2021/12/04 12:29:12 AM GMT+2","5","5","4","3","3","5","2","5","4","4","5","5","4","5","5","3","4","5","5","5","1","4","5","5","5","5","0","4","4","5","4","4","4","5","5","5","5","4","5","3","3","4","4","5","3","5","5","3","5","5","3","5","4","5","0","5","5","5","2","3","2","5","4"
"2021/12/04 12:29:22 AM GMT+2","5","4","5","5","5","5","4","1","5","5","4","5","5","5","4","0","5","5","5","0","0","5","4","5","3","3","0","0","3","5","5","5","5","4","3","5","5","5","2","5","5","5","5","5","5","5","4","4","5","2","1","0","4","5","2","5","4","1","1","5","5","3","4"
"2021/12/04 12:29:23 AM GMT+2","4","4","5","4","5","3","1","5","1","1","5","4","2","3","2","3","2","2","5","5","5","5","5","4","4","4","1","1","5","5","4","5","3","2","5","4","5","2","5","5","5","5","5","3","5","2","5","5","4","1","1","3","3","5","1","3","4","0","4","2","2","5","3"
"2021/12/04 12:29:34 AM GMT+2","","5","","","2","","","","5","5","5","","","5","","","","","5","","","5","5","","","","","5","","","5","","5","","5","5","","5","","5","5","","","","","5","","","","4","5","5","5","","5","","5","5","5","","","",""
"2021/12/04 12:29:43 AM GMT+2","5","3","3","5","4","4","3","5","5","4","4","5","1","5","5","0","5","5","5","2","5","5","5","1","0","0","3","2","5","4","5","5","5","5","5","5","5","5","4","4","5","5","5","5","5","5","4","3","5","0","3","0","3","5","0","5","5","0","0","5","5","0","4"
"2021/12/04 12:29:59 AM GMT+2","5","5","5","5","5","5","5","5","5","4","0","5","5","5","4","4","5","5","5","5","4","5","5","5","4","5","5","0","4","4","5","5","5","5","4","5","5","5","4","5","5","5","5","5","5","5","4","4","5","3","4","1","4","3","4","4","5","3","3","5","5","5","5"
"2021/12/04 12:30:19 AM GMT+2","5","3","3","5","5","3","3","5","1","3","2","5","4","5","5","5","4","2","5","2","5","5","5","5","3","1","2","3","2","5","5","5","3","5","2","4","5","2","5","2","4","1","2","5","2","5","5","2","5","2","5","1","4","3","0","4","2","4","2","2","3","5","5"
"2021/12/04 12:30:21 AM GMT+2","5","4","5","4","5","5","3","4","5","4","3","5","5","3","4","3","4","5","5","4","5","5","4","4","4","3","3","4","3","4","5","5","4","4","5","4","4","3","5","3","3","5","4","5","3","5","4","5","5","3","3","4","4","4","5","5","5","2","3","4","2","5","4"
"2021/12/04 12:30:27 AM GMT+2","5","4","3","4","2","3","3","2","3","4","2","3","5","2","5","0","3","3","3","5","5","3","5","2","5","5","5","5","4","5","2","3","1","4","3","5","4","3","2","3","5","3","5","2","4","2","0","5","3","2","2","2","4","1","0","1","4","0","5","5","2","3","3"
"2021/12/04 12:30:28 AM GMT+2","5","5","3","5","5","4","0","5","3","0","0","5","0","4","5","0","3","5","5","5","0","5","4","5","4","5","3","4","5","5","3","5","2","4","5","5","5","3","5","5","1","2","5","3","3","4","2","5","4","5","0","4","3","2","0","3","3","0","3","2","4","3","3"
"2021/12/04 12:30:47 AM GMT+2","5","5","5","5","3","5","0","5","5","3","4","5","0","4","5","5","3","5","5","5","3","4","5","5","2","4","2","3","4","4","5","5","5","4","3","2","5","3","3","3","5","3","2","5","2","5","4","4","5","4","3","3","4","4","0","4","4","1","3","3","4","1","4"
"2021/12/04 12:31:07 AM GMT+2","4","3","5","4","4","5","3","3","5","1","3","5","2","3","4","3","4","5","5","2","5","4","5","4","4","4","2","1","4","3","5","5","1","3","4","5","5","4","2","3","4","5","5","4","2","4","4","4","5","1","2","3","3","3","0","5","4","1","1","3","3","0","3"
"2021/12/04 12:31:37 AM GMT+2","5","5","5","5","5","4","5","5","5","5","5","5","5","5","5","5","5","5","5","5","5","5","5","5","4","5","5","4","5","5","5","5","5","5","5","5","5","5","5","5","5","5","5","5","5","4","5","5","5","5","4","4","5","4","5","5","5","5","4","5","5","1","5"
"2021/12/04 12:31:58 AM GMT+2","2","3","4","5","5","4","0","5","3","3","4","5","3","5","4","5","3","5","4","5","4","2","5","4","3","4","5","2","2","2","3","4","5","4","4","5","3","3","3","2","5","4","3","4","5","5","3","2","3","3","2","0","5","0","0","3","5","0","3","3","2","0","3"
"2021/12/04 12:32:25 AM GMT+2","0","0","0","0","5","0","5","5","5","0","0","0","5","0","0","0","0","5","0","0","0","0","0","0","5","0","0","0","5","0","5","0","0","0","0","0","0","0","0","0","0","0","0","5","5","5","0","0","5","5","5","5","5","5","5","5","0","5","5","0","5","0","5"
"2021/12/04 12:32:29 AM GMT+2","5","4","5","5","5","5","5","5","5","4","5","5","5","5","5","0","5","5","5","5","5","5","5","5","5","5","4","5","5","5","5","5","5","5","3","5","5","5","5","3","5","5","5","5","5","5","5","3","5","1","5","5","4","5","5","5","5","5","5","5","5","2","3"
"2021/12/04 12:32:38 AM GMT+2","","","3","2","","","","","","","","","5","","","","","","","2","","","","","","","0","","","","5","","","","","","","","","","","","","","","","","","","","","","","","","","","4","","","5","",""
"2021/12/04 12:32:51 AM GMT+2","5","5","5","5","5","5","5","5","5","4","3","5","3","3","5","5","4","5","5","5","3","5","4","4","5","3","0","3","5","5","5","5","5","5","5","5","5","3","3","3","0","5","5","5","3","5","3","3","5","3","5","3","5","4","3","4","5","0","1","4","0","0","5"
"2021/12/04 12:33:04 AM GMT+2","5","","","5","","","","","5","","","","","","3","5","","","4","","","","","","","5","0","","2","","5","5","4","5","","","","5","4","1","0","5","","5","","5","","4","","","4","","","","2","","","3","","5","","1",""
"2021/12/04 12:33:19 AM GMT+2","3","2","4","3","4","4","3","4","3","2","3","4","4","3","3","3","5","3","5","3","5","3","4","3","2","1","4","4","4","3","3","5","2","3","3","4","3","2","3","5","3","4","3","4","4","4","4","4","4","2","2","1","2","3","5","4","4","1","3","3","2","3","3"
"2021/12/04 12:34:59 AM GMT+2","5","5","3","4","","3","4","3","4","4","4","5","5","","5","4","2","3","4","4","5","3","5","5","5","2","5","5","1","4","4","","4","","3","5","3","5","1","1","3","4","5","4","5","5","3","3","2","3","4","4","4","","5","1","5","5","3","3","5","0",""
"2021/12/04 12:35:03 AM GMT+2","5","5","5","4","5","5","5","5","5","4","4","5","5","5","5","4","4","5","5","4","5","5","5","5","5","4","4","4","5","5","5","5","3","4","3","4","5","4","1","4","5","4","4","5","5","5","3","5","5","1","3","4","3","4","5","4","4","2","3","4","4","2","4"
"2021/12/04 12:35:46 AM GMT+2","4","5","","5","","4","","","","","","5","","","4","5","","","","5","5","","4","","3","","","4","","","5","5","","","5","5","5","4","","3","","","","5","4","","4","","","5","","5","","","","3","5","2","4","4","","5","5"
"2021/12/04 12:36:01 AM GMT+2","5","5","5","5","5","5","5","5","5","5","5","5","0","5","5","0","5","5","5","5","3","5","5","5","5","5","0","0","5","5","5","5","3","5","5","5","5","5","5","0","5","5","5","5","5","5","0","5","5","5","5","","5","4","0","5","5","0","1","4","5","4","5"
"2021/12/04 12:37:21 AM GMT+2","3","3","3","3","5","3","3","2","3","3","5","3","5","2","3","4","2","3","3","5","5","3","3","5","2","2","2","2","3","2","4","4","4","4","3","4","3","3","2","1","3","4","3","5","2","3","3","1","3","4","3","2","3","3","2","2","4","3","2","3","2","4","1"
"2021/12/04 12:38:29 AM GMT+2","5","5","5","1","5","5","5","5","4","5","4","4","5","4","1","5","5","5","3","2","4","5","5","5","5","5","5","0","5","5","5","5","5","5","5","5","5","2","3","3","5","5","5","5","5","5","0","3","4","5","5","5","2","5","0","3","4","2","5","2","5","5","3"
"2021/12/04 12:38:48 AM GMT+2","5","3","5","5","4","5","5","5","5","2","1","5","5","3","1","","4","4","4","5","1","5","2","3","1","2","4","5","5","4","5","4","5","1","5","5","1","1","5","5","1","5","4","5","3","3","5","5","5","2","1","3","0","5","","5","5","","1","1","2","","3"
"2021/12/04 12:39:09 AM GMT+2","4","4","5","4","5","3","4","4","3","4","4","4","4","2","4","3","5","4","5","4","5","4","2","3","4","5","5","3","3","4","5","4","4","4","3","4","4","2","4","2","2","4","3","4","4","3","4","4","4","4","4","3","4","4","0","4","4","4","4","2","3","4","5"
"2021/12/04 12:39:10 AM GMT+2","5","5","5","5","5","5","0","3","5","0","5","5","0","5","5","4","5","5","5","3","0","4","5","5","4","3","0","5","2","2","5","5","2","5","5","4","5","4","4","5","4","5","5","5","4","5","","3","5","0","0","1","2","1","0","2","5","0","0","5","3","2","2"
"2021/12/04 12:39:26 AM GMT+2","5","5","5","5","5","5","4","5","5","4","5","5","4","5","5","5","5","5","5","4","4","4","4","5","4","4","4","5","5","3","5","5","5","5","5","5","5","5","5","5","5","5","5","5","4","5","5","4","5","5","4","3","5","5","5","5","5","4","3","5","5","5","5"
"2021/12/04 12:39:49 AM GMT+2","3","3","4","3","5","5","3","4","5","2","0","5","3","5","5","0","5","5","4","5","3","4","5","5","3","2","3","4","3","4","5","3","4","4","5","5","5","5","4","3","5","5","5","5","5","5","0","4","4","2","2","2","3","1","2","2","5","1","1","5","5","4","3"
"2021/12/04 12:39:50 AM GMT+2","5","5","5","3","5","5","3","5","5","5","0","5","5","5","5","5","5","5","5","5","5","4","5","5","5","1","4","2","5","5","5","5","2","4","5","4","5","5","2","1","5","5","1","5","1","5","5","5","5","1","4","4","5","5","2","5","3","1","5","2","4","0","5"
"2021/12/04 12:42:31 AM GMT+2","4","4","5","","5","5","3","","5","3","","5","","3","5","5","","","5","4","5","5","","","","3","","","4","","","","5","5","4","5","5","3","","","","4","4","5","","5","","5","5","3","","4","","5","4","5","","4","3","3","3","3","4"
"2021/12/04 12:44:11 AM GMT+2","5","5","5","5","5","5","3","5","5","5","5","5","5","5","5","5","5","4","5","4","5","5","5","5","2","5","5","5","5","5","5","5","5","5","5","5","","5","5","5","5","5","5","5","5","5","5","5","5","5","3","2","5","5","5","5","5","1","5","5","5","3","5"
"2021/12/04 12:46:11 AM GMT+2","5","4","4","5","4","5","0","3","4","3","2","3","0","4","5","3","3","5","4","5","0","3","5","5","2","4","1","4","4","4","4","5","3","3","5","1","4","4","3","2","4","5","5","4","4","3","2","2","3","4","1","3","3","1","0","","2","1","3","3","3","3",""
"2021/12/04 12:46:19 AM GMT+2","5","5","2","5","5","5","1","5","5","4","5","5","5","5","5","5","5","5","5","5","5","5","5","5","4","1","5","5","5","5","5","5","5","5","5","5","5","5","2","","5","5","5","5","3","5","5","5","5","2","4","5","5","5","5","5","4","5","0","5","3","","5"
"2021/12/04 12:46:49 AM GMT+2","5","5","5","4","5","5","1","5","3","3","5","5","4","4","5","2","5","5","5","2","5","3","5","4","4","3","4","5","5","3","4","4","4","3","5","5","5","4","4","4","5","5","5","4","5","2","5","5","5","3","2","4","3","5","4","5","5","4","3","3","4","4","2"
"2021/12/04 12:47:12 AM GMT+2","4","4","5","4","5","4","4","4","5","5","5","4","5","3","5","5","5","5","4","3","5","5","5","5","5","2","5","3","4","4","4","5","5","5","4","5","5","5","3","2","5","5","5","5","5","4","5","5","4","4","5","4","4","5","5","5","5","1","5","3","5","5","4"
"2021/12/04 12:47:26 AM GMT+2","2","2","4","3","5","4","1","5","5","4","4","3","5","4","5","4","3","2","4","4","4","4","5","5","3","1","3","3","4","1","5","4","3","4","4","4","4","5","4","4","4","5","4","5","5","5","3","5","5","2","4","2","4","2","0","0","5","2","3","4","3","3","4"
"2021/12/04 12:47:40 AM GMT+2","5","5","5","5","5","5","5","5","5","5","5","5","5","5","5","2","5","5","5","5","5","5","5","5","3","3","5","5","5","5","5","5","5","5","5","5","4","5","5","5","5","5","5","5","5","3","5","5","5","5","5","0","5","5","5","5","5","2","5","4","5","5","5"
"2021/12/04 12:49:47 AM GMT+2","5","4","4","4","5","1","5","1","3","5","5","5","5","3","5","5","4","5","5","4","5","3","5","5","5","5","3","5","3","5","1","5","5","1","4","5","4","3","2","4","4","5","5","3","2","1","2","4","2","5","5","5","4","1","1","3","5","3","3","3","1","2","5"
"2021/12/04 12:50:04 AM GMT+2","3","3","0","3","5","5","5","4","5","5","3","3","4","5","2","0","4","4","5","3","3","5","5","4","0","4","3","3","3","3","5","5","4","4","5","3","5","5","2","4","5","5","4","5","5","3","0","5","4","4","0","3","3","3","4","3","4","3","3","4","4","2","4"
"2021/12/04 12:50:25 AM GMT+2","3","5","5","5","5","4","3","3","5","4","3","5","5","5","5","0","5","5","5","5","5","4","5","5","1","4","5","3","4","5","5","4","3","5","5","5","5","5","4","5","5","5","5","5","5","4","4","5","5","4","3","5","5","3","5","4","5","0","4","4","5","0","4"
"2021/12/04 12:51:23 AM GMT+2","5","5","4","5","5","5","5","5","5","5","5","5","5","5","5","5","5","5","5","5","5","5","5","5","0","5","5","5","5","5","5","5","5","5","5","5","5","5","5","5","5","5","5","5","5","5","5","0","5","5","5","5","5","5","5","5","5","0","5","5","0","0","5"
"2021/12/04 12:51:30 AM GMT+2","3","3","4","3","5","4","3","5","4","3","5","3","4","1","3","2","3","4","4","2","5","3","2","3","5","3","2","3","3","3","4","4","3","4","4","2","2","3","4","4","1","4","5","4","5","3","4","3","3","2","1","2","3","3","3","3","4","4","2","2","4","3","3"
"2021/12/04 12:52:41 AM GMT+2","","5","","5","","5","","","5","","","","5","5","","","","","","","","","","","5","5","","","5","5","5","","5","","5","5","","","","","5","5","5","5","","","5","","","","5","","5","5","","5","","5","0","5","5","5",""
"2021/12/04 12:53:27 AM GMT+2","4","4","5","5","5","5","3","5","5","2","5","5","5","3","5","4","4","4","5","5","5","5","5","5","3","3","5","3","3","2","4","5","5","5","5","5","5","3","3","4","3","5","5","4","4","5","3","3","5","3","1","2","4","4","4","5","5","2","3","4","3","2","4"
"2021/12/04 12:54:12 AM GMT+2","1","3","5","5","5","5","3","5","5","3","5","5","4","5","5","","4","5","5","5","5","5","5","0","5","5","3","","2","5","5","5","5","4","5","5","5","4","5","4","5","5","5","5","3","4","5","5","5","3","5","4","4","5","5","5","5","0","4","5","5","3","3"
"2021/12/04 12:54:17 AM GMT+2","1","3","5","5","5","5","3","5","5","3","5","5","4","5","5","","4","5","5","5","5","5","5","0","5","5","3","","2","5","5","5","5","4","5","5","5","4","5","4","5","5","5","5","3","4","5","5","5","3","5","4","4","5","5","5","5","0","4","5","5","3","3"
"2021/12/04 12:54:41 AM GMT+2","5","4","3","5","4","3","5","4","3","3","0","5","2","5","4","0","3","3","0","4","5","3","4","4","3","3","2","3","3","1","5","5","5","3","5","4","4","5","5","4","4","4","3","4","5","3","4","5","5","3","4","3","4","4","5","0","5","4","0","4","5","3","5"
"2021/12/04 12:55:36 AM GMT+2","4","2","5","5","5","5","4","5","5","3","2","5","5","3","5","4","5","5","5","3","5","5","5","5","3","4","3","3","5","1","5","5","2","5","5","4","5","4","4","5","5","4","4","4","3","3","5","5","5","2","1","3","5","3","3","4","3","5","4","5","5","3","5"
"2021/12/04 12:58:05 AM GMT+2","5","4","5","5","5","5","5","5","5","5","5","5","2","3","5","0","5","5","3","4","5","5","5","5","4","3","4","3","2","5","5","5","5","5","5","5","5","4","5","5","5","5","5","5","4","5","4","5","5","3","4","1","5","5","3","5","5","5","2","5","5","5","5"
"2021/12/04 12:58:36 AM GMT+2","4","","4","5","5","3","4","4","5","3","","3","","4","5","5","4","4","4","4","5","3","3","3","4","2","4","1","2","4","4","2","","4","3","5","5","","2","3","4","5","5","4","4","4","2","4","5","4","4","4","3","3","4","4","4","","4","3","3","5","3"
"2021/12/04 1:01:32 AM GMT+2","4","3","5","5","4","5","3","5","4","1","3","5","5","3","4","4","5","5","4","4","5","3","5","5","4","5","3","0","5","3","4","5","5","5","5","3","5","4","4","4","5","5","5","5","4","4","0","5","5","5","1","3","3","3","3","5","5","3","1","5","5","0","4"
"2021/12/04 1:01:48 AM GMT+2","4","5","5","1","5","5","5","5","5","2","4","5","4","1","4","0","5","5","5","3","5","5","5","1","5","2","4","5","5","5","4","5","4","5","5","5","5","4","4","5","3","5","5","5","3","3","5","5","5","4","2","3","1","5","5","5","5","1","0","3","1","3","3"
"2021/12/04 1:03:17 AM GMT+2","5","5","5","5","5","5","1","5","5","5","5","5","5","5","5","0","5","5","5","5","5","5","5","5","5","5","3","4","5","5","5","5","5","5","5","5","5","5","5","5","5","5","5","","5","5","5","5","5","3","3","3","5","1","5","0","5","1","0","","5","0","5"
"2021/12/04 1:04:02 AM GMT+2","1","5","5","5","5","3","5","3","5","3","1","4","5","","4","4","4","5","3","3","5","4","3","0","2","3","","","5","3","5","5","3","5","4","3","3","3","1","1","3","3","3","5","2","5","","5","5","3","1","1","5","0","1","0","2","0","4","3","0","2","5"
"2021/12/04 1:04:08 AM GMT+2","4","4","5","5","5","5","4","4","5","4","4","3","4","4","5","4","5","5","3","1","2","4","5","4","2","2","1","2","4","5","4","5","5","5","4","5","5","5","3","4","4","4","4","5","4","5","0","1","3","3","5","5","4","3","2","3","5","1","2","5","4","3","4"
"2021/12/04 1:04:10 AM GMT+2","5","4","5","5","5","5","4","4","4","3","3","5","5","4","5","2","3","5","5","3","5","4","5","5","4","","4","5","3","4","5","5","5","3","4","4","5","5","4","4","3","5","5","5","4","4","3","5","4","4","2","2","4","4","4","5","4","4","4","3","3","4","4"
"2021/12/04 1:06:03 AM GMT+2","2","4","5","3","4","5","2","4","5","5","4","5","3","4","5","5","5","5","2","5","5","4","5","5","3","1","0","3","1","4","5","5","4","4","5","4","4","5","0","2","5","5","5","5","3","5","1","5","5","5","4","4","5","5","0","5","4","0","2","2","2","1","4"
"2021/12/04 1:06:08 AM GMT+2","5","5","5","5","5","5","5","5","5","5","5","5","5","5","5","5","5","5","5","5","5","5","5","5","5","5","5","5","5","5","5","5","5","5","5","5","5","5","5","5","5","5","5","5","5","5","5","5","5","5","5","5","5","5","5","5","5","5","5","5","5","5","5"
"2021/12/04 1:07:27 AM GMT+2","3","","","","","","","","","","","","","","5","","4","","","","5","","5","","","","","","","","","","","","","","5","","","3","","","","","","","","","","","5","","","5","","","","2","","","","",""
"2021/12/04 1:07:57 AM GMT+2","5","5","5","4","3","5","3","5","4","5","5","4","1","3","5","5","5","5","4","3","3","5","5","5","1","4","2","2","4","5","5","5","5","5","2","5","5","4","5","5","4","5","5","1","4","5","3","5","4","2","5","4","5","3","1","5","4","1","1","3","3","3","5"
"2021/12/04 1:08:47 AM GMT+2","1","1","5","1","5","5","5","3","5","3","1","4","5","2","3","5","2","5","4","5","5","0","1","3","3","3","0","0","4","1","5","5","2","5","2","0","2","4","0","4","2","3","3","5","5","5","0","5","5","5","1","4","3","0","5","0","5","0","1","4","5","1","3"
"2021/12/04 1:10:28 AM GMT+2","2","3","5","3","5","4","5","4","5","3","3","5","5","4","5","0","4","3","5","3","5","5","5","5","2","4","4","3","5","4","5","5","5","3","3","5","4","5","2","3","5","4","4","5","5","5","3","5","5","2","2","2","5","5","5","5","4","1","1","5","4","2","5"
"2021/12/04 1:11:06 AM GMT+2","5","4","3","3","5","3","1","5","4","2","3","2","3","3","2","1","4","3","4","2","0","4","4","3","5","3","0","1","2","5","4","5","5","5","2","1","4","5","2","1","3","2","2","3","4","3","1","1","3","5","5","1","1","1","0","1","2","0","3","3","3","0","2"
"2021/12/04 1:11:22 AM GMT+2","5","4","5","5","5","5","3","3","5","5","5","5","5","5","5","0","5","5","5","5","5","5","5","5","5","1","0","5","5","4","5","5","5","5","5","5","5","5","1","5","5","5","5","5","2","5","5","1","5","1","3","1","5","5","5","5","5","1","5","5","5","2","5"
"2021/12/04 1:12:09 AM GMT+2","5","5","5","4","5","5","5","5","5","4","5","5","5","5","5","0","5","5","5","5","5","5","5","5","3","5","5","5","5","5","5","5","4","2","5","0","5","5","0","3","5","5","5","5","5","5","5","5","5","5","3","3","5","5","5","5","4","0","5","5","4","0","4"
"2021/12/04 1:16:35 AM GMT+2","4","5","5","5","5","5","2","3","5","3","4","3","5","5","5","3","5","3","4","3","3","3","5","5","3","3","0","2","2","4","3","5","4","3","5","5","5","4","2","5","5","5","4","5","3","5","4","3","5","3","3","3","4","2","3","3","5","5","3","5","3","3","3"
"2021/12/04 1:18:46 AM GMT+2","3","3","3","2","5","3","4","2","2","2","4","2","4","5","3","4","4","4","2","3","5","2","2","5","5","5","4","5","2","2","4","3","3","4","3","","3","1","5","4","3","4","2","5","4","4","3","2","3","0","1","3","3","3","4","1","3","4","1","1","2","2","1"
"2021/12/04 1:18:59 AM GMT+2","5","5","5","5","5","5","5","5","5","3","0","5","5","5","5","5","5","5","5","0","2","5","5","5","5","5","0","5","5","5","5","5","5","5","5","5","5","5","5","5","5","5","5","5","5","5","0","5","5","5","3","4","5","5","1","5","5","5","5","5","5","5","1"
"2021/12/04 1:19:17 AM GMT+2","5","5","5","5","5","5","5","5","5","5","5","5","1","5","5","5","5","5","5","5","0","5","5","5","5","1","","5","4","5","5","5","5","5","5","5","5","5","5","5","5","5","5","5","5","5","5","5","5","3","5","4","5","1","5","4","5","0","5","5","5","5","4"
"2021/12/04 1:21:20 AM GMT+2","5","2","5","2","5","5","4","4","4","2","4","4","5","5","2","0","3","5","3","4","5","4","5","5","4","2","5","5","2","2","5","5","2","3","5","5","5","4","3","5","5","5","5","5","5","5","3","3","5","1","1","1","5","3","5","4","4","3","1","5","4","1","4"
"2021/12/04 1:24:10 AM GMT+2","4","5","3","3","2","4","1","3","4","1","5","4","1","3","4","5","4","5","5","4","5","5","5","4","4","4","1","5","4","5","5","5","4","4","3","4","5","3","3","3","5","5","4","2","2","4","4","5","5","4","3","5","2","3","1","5","5","5","1","3","3","3","3"
"2021/12/04 1:26:48 AM GMT+2","5","4","4","5","5","5","4","5","5","4","5","5","2","5","5","4","4","5","5","5","5","5","3","5","5","5","5","3","5","5","5","4","3","5","5","5","5","5","3","3","4","5","5","5","5","4","3","3","5","5","3","3","5","5","4","5","5","3","3","4","3","4","5"
"2021/12/04 1:26:59 AM GMT+2","2","5","5","5","5","5","5","5","5","3","5","5","4","3","5","2","4","4","5","5","4","4","3","5","5","4","3","3","1","2","5","5","3","5","5","5","5","3","3","3","4","5","5","5","4","5","4","5","5","5","4","5","4","4","4","3","4","3","4","2","4","1","5"
"2021/12/04 1:27:47 AM GMT+2","5","4","5","4","5","1","1","3","4","1","5","4","3","5","3","3","5","4","4","5","5","4","3","5","1","2","5","5","3","3","3","5","5","4","4","4","5","2","4","5","4","4","4","1","5","3","4","4","4","1","2","2","3","2","4","4","3","3","1","2","3","2","3"
"2021/12/04 1:28:23 AM GMT+2","3","3","5","5","5","4","4","4","4","0","5","5","3","3","5","3","4","5","5","0","5","5","3","5","4","3","4","4","5","0","4","4","2","5","5","5","5","5","5","5","5","5","4","5","0","3","3","3","5","4","3","0","2","3","3","3","3","4","3","3","3","5","3"
"2021/12/04 1:28:33 AM GMT+2","4","3","5","5","5","5","5","5","5","5","4","4","5","5","5","5","4","5","4","0","5","4","5","5","4","3","1","3","5","5","5","5","4","5","5","5","5","5","3","3","5","5","5","5","5","5","4","5","5","4","2","3","4","5","5","4","5","1","0","4","5","3","3"
"2021/12/04 1:38:40 AM GMT+2","","4","","5","","5","2","","3","4","","","5","","5","5","5","","2","","5","","","0","1","4","5","2","2","3","","","","5","5","5","","5","0","3","5","","3","5","2","","4","5","5","4","","3","3","1","5","0","5","","","3","","5",""
"2021/12/04 1:39:27 AM GMT+2","1","5","","4","5","","3","4","5","5","3","5","5","3","5","3","5","","3","4","","","4","","","4","2","2","5","5","5","5","3","4","5","5","4","1","1","1","","5","3","5","","5","4","5","4","4","5","","4","","5","4","5","","1","1","3","1","4"
"2021/12/04 1:40:36 AM GMT+2","0","0","5","5","5","5","4","3","5","1","0","5","5","3","1","0","5","5","5","0","5","5","5","5","4","5","2","0","3","1","5","5","1","0","5","5","5","5","5","5","5","5","5","5","5","5","5","3","4","0","0","1","3","5","4","5","5","0","0","4","0","0","4"
"2021/12/04 1:41:15 AM GMT+2","","","5","5","5","5","5","5","5","5","5","5","5","5","5","5","5","5","5","5","5","5","5","5","5","5","5","5","5","5","5","5","5","5","5","5","5","5","5","5","5","5","5","5","5","5","5","1","5","1","5","5","5","5","5","","5","5","5","5","5","5","5"
"2021/12/04 1:42:32 AM GMT+2","5","1","5","5","5","1","3","4","5","1","4","5","5","3","5","5","2","5","4","2","5","5","1","5","5","3","5","5","4","3","5","5","5","4","5","5","5","3","5","5","5","3","1","5","5","4","3","2","5","2","0","2","3","4","4","5","5","0","3","4","3","5","5"
"2021/12/04 1:42:48 AM GMT+2","4","3","","2","3","4","5","3","4","4","4","1","4","4","","4","4","5","","4","4","","5","5","","4","5","5","5","3","4","4","0","5","5","5","4","4","4","4","4","4","4","5","1","","5","0","4","1","4","4","2","3","4","5","4","3","5","","4","4","3"
"2021/12/04 1:43:28 AM GMT+2","2","5","3","5","3","2","5","3","2","2","2","3","2","2","1","5","5","5","5","2","","5","2","5","2","3","2","2","5","3","3","5","1","2","5","1","3","3","3","5","2","5","5","3","2","5","2","5","5","1","1","4","1","2","2","2","5","1","2","2","1","2","2"
"2021/12/04 1:46:59 AM GMT+2","5","5","5","5","5","5","4","5","4","5","4","4","2","3","5","3","4","4","5","3","4","4","3","4","4","4","4","4","4","4","5","5","3","4","4","4","3","3","2","5","3","5","4","4","2","4","4","4","5","4","2","3","3","3","2","5","3","2","4","3","4","3","4"
"2021/12/04 1:48:19 AM GMT+2","5","3","5","5","5","5","3","4","5","5","5","5","5","5","5","5","5","5","5","3","5","5","5","5","5","4","2","5","5","5","5","5","5","5","5","5","5","0","5","5","5","5","5","5","5","3","5","5","5","5","0","0","3","5","5","5","5","5","5","5","5","5","2"
"2021/12/04 1:49:57 AM GMT+2","4","1","5","3","5","3","2","3","3","3","4","5","5","1","4","0","4","4","3","4","4","3","1","5","1","4","1","3","5","5","4","4","2","1","2","4","2","2","3","1","2","5","5","4","4","5","0","3","4","1","1","1","2","5","5","5","3","1","0","1","3","1","4"
"2021/12/04 1:51:51 AM GMT+2","5","3","3","4","5","3","2","5","4","3","5","5","5","5","5","0","4","5","4","3","5","5","5","4","5","2","5","5","3","3","4","5","4","5","4","4","5","3","4","4","5","5","5","3","5","5","5","4","5","1","1","1","5","5","5","4","2","1","1","4","1","1","3"
"2021/12/04 1:52:28 AM GMT+2","3","5","5","5","5","5","5","5","2","3","5","3","5","3","0","5","4","5","5","5","0","4","3","5","1","0","3","4","5","0","5","3","3","2","4","3","4","2","5","4","5","4","1","5","1","3","5","5","3","0","4","2","2","5","4","5","2","5","1","2","3","5","2"
"2021/12/04 1:55:49 AM GMT+2","5","5","5","5","5","5","4","4","5","4","5","5","5","4","5","5","5","5","5","5","5","5","5","5","2","3","4","5","4","4","5","5","4","3","5","5","5","4","4","4","5","5","5","5","4","4","5","5","5","4","3","3","5","5","4","5","4","4","2","5","5","5","5"
"2021/12/04 1:56:21 AM GMT+2","4","","5","5","5","5","","3","5","2","1","4","2","4","3","","3","4","4","3","5","4","5","4","","","3","4","2","","5","3","2","","5","4","4","4","","5","5","4","4","4","3","2","3","2","","2","1","3","","1","","2","5","","","","1","",""
"2021/12/04 1:56:56 AM GMT+2","4","3","4","","","5","1","4","5","4","3","","5","5","2","","5","","5","3","5","5","3","5","1","1","3","3","5","3","","5","2","5","5","3","5","","","","","5","5","5","5","","4","5","","","1","1","1","5","5","5","5","4","","4","2","",""
"2021/12/04 1:58:37 AM GMT+2","5","","5","","","5","","2","","","","1","","0","4","1","3","3","","5","3","","","","","","","2","","","5","","","","","","5","3","3","","","4","3","4","","","0","","1","0","2","1","3","","2","","4","","3","","1","4",""
"2021/12/04 2:02:48 AM GMT+2","2","4","4","5","5","3","5","5","5","5","3","5","5","2","3","5","3","5","4","4","4","5","5","5","5","3","5","5","4","1","5","5","3","5","3","1","5","5","2","2","5","5","3","5","2","5","0","2","5","5","5","5","3","3","5","2","5","3","1","2","1","2","3"
"2021/12/04 2:12:48 AM GMT+2","4","3","4","3","3","3","5","4","3","3","4","3","4","4","4","0","4","4","3","1","5","3","5","5","3","4","4","5","3","3","5","5","3","4","5","4","5","5","4","3","5","5","5","5","5","5","3","4","3","3","1","2","4","5","5","5","3","4","3","4","3","3","4"
"2021/12/04 2:13:10 AM GMT+2","3","4","4","3","4","4","4","5","5","3","5","5","5","4","5","0","3","3","5","4","5","5","4","4","5","2","5","5","4","3","5","5","3","5","4","5","4","3","5","4","4","4","4","4","4","5","3","2","5","1","2","4","3","5","5","5","3","5","2","4","4","4","3"
"2021/12/04 2:34:30 AM GMT+2","5","","","5","","5","5","","","","","5","","","4","","","5","","3","","5","","5","5","4","4","3","4","","","5","","","5","4","","5","","3","4","","","5","5","5","5","5","","","","","","5","","5","5","0","2","3","","",""
"2021/12/04 3:03:53 AM GMT+2","4","4","5","3","3","5","2","4","5","5","3","5","2","4","4","3","5","5","5","5","5","5","5","5","5","3","2","4","4","5","4","5","3","5","4","3","5","3","2","2","5","5","5","5","3","5","5","4","5","2","0","2","3","5","5","5","5","2","1","3","3","4","4"
"2021/12/04 3:04:05 AM GMT+2","4","3","3","5","5","3","5","5","5","5","4","0","5","3","3","0","3","2","4","5","5","4","3","5","4","5","0","4","3","3","3","5","5","4","3","3","5","3","3","4","3","3","4","5","5","5","5","4","4","5","4","5","4","5","5","4","5","0","4","2","3","4","5"
"2021/12/04 3:13:50 AM GMT+2","5","1","1","5","1","1","1","1","1","1","5","1","1","5","1","1","4","5","1","5","1","4","5","1","3","4","1","3","5","4","1","5","5","1","5","4","5","5","1","5","5","5","5","1","5","1","3","1","1","4","5","4","5","1","1","1","5","1","5","5","1","4","5"
"2021/12/04 3:14:25 AM GMT+2","1","5","3","2","1","2","1","1","2","3","5","1","1","5","5","5","3","1","5","5","5","5","4","3","5","5","5","5","3","5","3","3","5","3","3","5","5","4","5","1","3","3","3","1","5","1","2","5","5","5","4","4","3","5","3","5","5","0","5","2","1","3","1"
"2021/12/04 3:43:37 AM GMT+2","3","4","5","5","5","5","4","5","5","5","0","0","5","4","5","0","3","5","4","5","5","5","4","2","3","3","0","5","4","5","5","5","5","5","4","3","3","2","5","5","3","4","4","5","5","5","0","5","2","2","4","4","5","5","0","5","5","0","3","4","4","4","5"
"2021/12/04 4:11:45 AM GMT+2","","","","","","","","","","","","","","","","","","","","","","","","","","","","","","","","","","","","","","","","","","","","","","","","","","","","","","","","","","","","","","",""
"2021/12/04 6:33:59 AM GMT+2","4","5","5","5","5","5","4","5","4","4","5","5","4","4","5","4","4","4","5","3","5","4","5","5","5","5","4","3","3","4","4","5","3","5","5","4","4","4","3","2","3","5","5","5","4","5","5","2","4","5","5","5","5","5","3","5","5","5","3","3","2","4","5"
"2021/12/04 6:39:22 AM GMT+2","","","4","","5","","","","4","","5","0","","","","","","1","","","","","2","5","2","","0","","","0","5","3","","","4","","","3","","","","","","0","","","","0","","","0","0","","","3","","0","","","2","","",""
"2021/12/04 7:29:37 AM GMT+2","4","4","5","3","3","4","4","3","5","3","2","3","3","2","5","1","4","3","4","5","5","3","5","4","4","4","3","0","2","2","4","5","4","3","4","2","4","3","1","3","3","5","5","4","4","5","0","5","4","3","4","3","3","1","0","3","5","0","0","4","4","2","4"
"2021/12/04 7:34:07 AM GMT+2","5","5","5","5","5","5","4","4","4","2","0","4","5","4","5","0","5","5","4","5","3","4","4","5","5","3","3","0","2","3","5","5","3","5","3","3","4","4","3","3","4","5","5","5","3","5","3","3","4","4","3","4","5","2","0","5","4","2","0","4","2","3","5"
"2021/12/04 7:52:32 AM GMT+2","3","1","4","4","5","4","0","4","4","0","4","3","0","3","2","1","2","4","4","3","4","3","4","5","3","3","0","3","4","2","4","4","4","5","3","3","5","1","1","1","3","4","4","4","1","4","4","4","3","0","3","2","4","3","0","3","4","0","1","3","4","4","2"
"2021/12/04 7:57:04 AM GMT+2","1","3","5","5","4","5","5","5","5","4","2","3","2","4","4","1","5","5","3","0","0","3","5","0","4","4","4","3","5","5","5","5","3","5","5","2","3","4","5","2","5","4","4","5","2","5","2","3","5","4","1","1","4","1","0","1","3","3","3","3","2","4","5"
"2021/12/04 8:09:52 AM GMT+2","5","4","5","3","5","5","3","5","5","5","3","5","5","5","2","3","5","5","5","5","0","5","5","3","4","5","2","5","5","5","5","4","4","4","5","5","5","5","5","5","5","5","5","5","5","5","4","3","5","4","4","4","4","0","0","0","3","2","5","5","5","5","4"
"2021/12/04 8:12:17 AM GMT+2","5","3","5","4","4","5","2","5","5","3","4","5","1","5","3","4","4","4","5","5","3","5","5","4","5","3","1","4","4","5","5","5","2","5","4","4","5","3","4","3","4","5","4","5","3","5","4","4","5","4","3","4","4","4","1","5","4","5","4","3","4","2","5"
"2021/12/04 8:17:03 AM GMT+2","5","3","5","5","5","5","3","2","5","3","5","5","2","5","5","0","5","5","5","3","5","5","5","1","5","1","5","3","2","3","5","5","5","2","5","5","5","5","3","5","5","5","5","5","5","3","5","5","5","2","1","1","5","1","3","3","0","0","0","3","2","5","3"
"2021/12/04 8:36:31 AM GMT+2","3","2","4","4","5","3","4","4","5","1","2","5","3","4","4","3","4","4","4","4","5","5","4","4","4","3","4","3","2","1","4","4","3","3","4","4","4","4","3","3","4","4","3","5","4","4","4","3","5","0","4","2","4","4","5","5","4","5","2","4","3","4","4"
"2021/12/04 8:49:12 AM GMT+2","4","5","5","5","3","5","5","5","5","5","3","5","5","5","3","0","5","2","5","3","5","5","5","5","5","5","5","5","5","5","5","5","3","5","5","5","5","4","3","3","5","5","5","5","5","5","5","5","5","2","4","4","3","5","5","5","5","5","4","4","5","3","5"
"2021/12/04 8:54:13 AM GMT+2","4","4","5","5","","","4","","","5","","3","4","0","","3","","","2","0","","2","5","","2","","","4","","","5","4","3","5","5","5","","1","3","","3","4","5","5","0","5","","0","0","0","","4","","","","4","5","","","","4","3","5"
"2021/12/04 8:59:58 AM GMT+2","2","4","5","4","5","4","3","5","5","3","4","5","4","5","3","2","4","5","5","0","5","5","5","5","5","1","1","1","2","2","4","5","5","4","5","4","5","4","2","5","4","5","4","5","3","4","3","3","5","2","2","0","4","4","1","5","5","0","0","5","2","0","4"
"2021/12/04 9:04:52 AM GMT+2","4","5","5","4","5","4","3","4","5","4","4","5","3","4","4","3","4","4","4","3","5","4","3","3","4","5","4","4","4","5","5","5","4","5","5","5","5","5","2","4","5","4","5","4","4","4","4","4","5","4","4","3","4","5","4","4","5","4","2","3","2","4","4"
"2021/12/04 9:27:22 AM GMT+2","4","4","4","5","3","5","1","4","5","5","3","5","3","3","4","3","5","5","4","4","4","5","4","4","2","2","1","4","5","5","5","5","3","4","4","5","4","5","5","5","1","5","5","5","4","5","0","2","5","3","2","4","4","4","0","5","4","3","1","3","4","2","4"
"2021/12/04 9:35:09 AM GMT+2","3","3","","","5","","","","5","","0","3","3","5","","","","","3","5","5","","","","","3","","0","","3","4","","","4","5","4","","","5","","","","","","","5","0","","","3","4","4","","3","","4","","","0","5","","4","3"
"2021/12/04 9:35:29 AM GMT+2","5","3","5","5","5","5","3","5","5","5","4","3","5","5","4","3","5","4","4","4","5","5","5","5","4","5","4","4","5","5","5","5","5","4","5","4","5","5","4","2","5","5","5","5","5","5","3","5","2","2","3","3","2","5","4","5","4","1","2","5","4","1","2"
"2021/12/04 10:07:36 AM GMT+2","3","5","5","5","3","5","5","5","5","5","5","5","2","0","5","5","5","5","5","5","5","5","5","5","5","3","2","3","4","5","5","5","5","5","5","5","5","5","5","5","5","5","5","5","5","5","2","5","5","3","3","3","5","5","2","5","5","4","5","5","5","5","5"
"2021/12/04 10:17:30 AM GMT+2","5","5","5","5","5","1","0","5","5","4","2","3","5","2","5","1","5","5","3","4","5","3","5","2","5","4","2","2","3","4","2","5","5","4","4","5","5","2","3","4","1","5","5","5","3","5","2","2","5","2","5","4","5","1","1","2","2","0","3","5","0","5","5"
"2021/12/04 10:24:41 AM GMT+2","5","4","5","5","5","5","5","5","4","4","5","5","5","4","5","4","4","5","5","4","5","5","4","4","4","4","4","5","4","4","4","4","4","4","4","5","5","5","4","5","5","4","4","5","5","5","4","4","4","4","3","4","5","4","4","4","5","4","4","4","4","4","4"
"2021/12/04 10:31:58 AM GMT+2","2","4","4","4","5","5","3","5","5","1","3","5","5","5","2","3","4","5","5","4","4","3","5","5","5","4","1","3","4","5","4","5","3","5","4","4","5","5","2","5","4","5","5","5","5","5","2","5","4","3","2","0","4","4","0","0","3","0","2","4","5","4","4"
"2021/12/04 10:36:48 AM GMT+2","5","5","5","4","5","3","4","3","5","4","5","2","0","2","5","0","4","5","3","5","5","2","5","5","2","1","0","5","4","5","5","5","5","4","1","5","5","4","3","3","5","5","5","5","4","3","4","2","3","3","3","5","3","3","0","3","3","0","3","3","5","5","4"
"2021/12/04 10:40:24 AM GMT+2","5","5","3","5","5","5","3","5","4","5","0","5","0","5","5","5","5","5","5","5","5","4","5","5","5","3","0","0","5","5","2","5","5","4","5","5","5","5","3","5","4","5","5","3","5","5","0","5","3","4","0","5","0","0","4","1","5","0","5","5","2","1","3"
"2021/12/04 10:49:40 AM GMT+2","5","4","5","5","5","5","5","5","5","4","5","5","5","5","5","4","5","5","5","5","5","5","5","4","1","5","5","5","5","5","5","5","5","3","5","5","5","5","4","5","5","5","5","5","5","5","5","5","5","4","1","1","5","5","5","5","5","5","4","5","5","3","5"
"2021/12/04 10:50:26 AM GMT+2","","4","5","4","5","4","","5","5","4","","","5","","4","4","4","5","4","3","","","5","","5","4","","","4","","5","5","","4","4","5","5","5","","","5","5","","5","5","4","","","3","","","2","","2","","2","","","","5","5","",""
"2021/12/04 10:54:11 AM GMT+2","3","5","5","5","5","5","5","5","4","4","2","5","5","2","5","3","4","4","5","3","5","5","4","5","4","5","0","3","5","5","5","5","5","5","3","5","5","2","3","5","3","5","5","5","4","5","5","5","5","3","3","2","5","5","5","5","5","3","0","4","3","4","4"
"2021/12/04 10:57:18 AM GMT+2","1","5","5","5","5","5","4","5","5","5","5","4","3","5","5","4","5","5","3","5","2","4","5","5","4","0","5","3","4","5","5","5","3","5","5","5","5","5","3","2","5","5","5","5","5","5","0","0","5","2","3","4","2","1","0","3","5","0","5","5","5","5","5"
"2021/12/04 10:58:50 AM GMT+2","4","4","4","4","4","4","3","4","4","4","4","4","4","3","4","4","3","4","4","4","4","4","3","4","3","4","4","4","3","4","4","4","4","4","4","3","4","3","4","4","4","3","3","4","4","4","4","4","4","4","3","3","4","4","4","4","4","4","3","2","3","3","4"
"2021/12/04 10:59:56 AM GMT+2","2","3","4","2","5","4","4","5","4","2","0","4","5","4","3","3","3","3","3","3","4","3","5","3","5","5","3","0","3","3","4","4","3","4","3","3","3","5","3","3","5","5","5","4","3","4","3","2","4","4","5","1","3","2","4","2","0","2","5","0","5","4","3"
"2021/12/04 11:01:47 AM GMT+2","4","5","5","5","5","5","2","4","5","1","3","5","1","5","5","4","5","5","5","5","1","5","5","5","3","4","1","3","5","5","5","5","5","3","5","5","5","5","5","3","5","5","5","5","5","4","5","2","5","5","3","3","5","4","1","2","5","3","3","5","5","5","5"
"2021/12/04 11:02:05 AM GMT+2","1","3","4","5","3","4","0","2","4","1","0","5","1","0","2","0","3","5","2","1","1","2","5","2","1","1","2","0","0","1","5","5","5","3","1","0","2","0","0","0","3","4","5","4","3","4","0","0","4","4","4","3","1","0","0","0","1","0","1","2","1","0","4"
"2021/12/04 11:04:16 AM GMT+2","5","4","4","2","5","5","2","3","4","5","3","4","4","4","4","","3","4","3","4","3","3","5","3","3","3","0","0","3","5","5","4","1","5","5","0","5","2","0","1","4","5","5","5","3","4","0","0","4","0","3","1","3","3","0","4","5","1","0","4","4","1","2"
"2021/12/04 11:04:36 AM GMT+2","5","4","5","3","5","5","5","5","5","5","0","5","4","4","5","4","4","4","4","0","1","4","3","1","5","4","0","0","3","3","5","5","3","5","5","0","5","5","5","0","5","4","4","5","3","4","0","3","5","0","1","2","5","4","3","0","5","4","0","5","4","3","5"
"2021/12/04 11:13:51 AM GMT+2","5","4","5","4","5","5","4","4","5","5","3","5","4","4","5","0","5","5","5","5","4","5","5","5","1","4","0","3","4","4","4","4","3","3","5","0","4","5","4","4","4","5","5","5","4","5","0","4","5","0","5","2","4","4","4","3","4","1","2","4","5","4","3"
"2021/12/04 11:19:05 AM GMT+2","4","5","5","5","5","2","3","4","3","4","5","5","1","5","5","5","5","5","5","3","1","5","5","1","3","3","0","4","3","5","4","5","4","5","5","5","5","5","4","4","5","5","4","5","4","3","0","5","5","2","3","3","4","4","1","5","4","5","3","4","5","3","4"
"2021/12/04 11:20:26 AM GMT+2","4","4","4","3","5","4","1","2","4","2","4","3","2","4","4","2","3","3","3","3","5","3","4","3","2","3","2","3","4","3","4","5","4","4","3","4","4","3","2","3","3","3","4","3","3","3","3","3","3","2","1","1","3","1","3","2","4","1","1","3","2","3","2"
"2021/12/04 11:24:56 AM GMT+2","0","3","5","5","4","4","5","4","4","5","0","0","5","5","5","0","5","1","2","4","5","0","4","5","2","4","0","0","3","5","5","4","3","3","5","0","5","3","5","0","5","5","5","5","5","5","0","0","0","4","2","3","2","0","0","0","0","0","0","4","5","5","2"
"2021/12/04 11:26:38 AM GMT+2","3","5","5","5","4","5","1","2","5","2","3","4","1","5","5","0","5","5","5","4","1","5","4","5","1","3","1","2","5","2","5","5","3","1","5","4","5","3","1","3","5","5","5","5","4","5","0","1","5","3","5","1","5","1","2","1","5","1","0","5","4","1","5"
"2021/12/04 11:29:26 AM GMT+2","5","3","5","5","","5","5","5","4","4","5","3","5","3","3","4","5","5","4","4","5","4","","5","0","4","4","4","4","5","5","5","4","3","4","5","3","3","3","3","2","5","5","5","5","5","4","3","5","0","0","0","5","3","5","3","4","4","3","3","5","2",""
"2021/12/04 11:29:43 AM GMT+2","5","5","5","5","5","4","2","5","5","1","5","5","1","5","4","5","5","5","5","5","1","5","4","1","4","4","1","4","3","4","5","5","4","3","5","5","5","5","5","5","5","5","5","5","5","4","0","4","5","4","3","4","4","5","1","5","5","5","3","5","5","5","3"
"2021/12/04 11:30:14 AM GMT+2","5","5","5","5","5","3","5","5","5","5","5","0","5","5","0","3","5","5","4","5","5","4","5","5","5","5","5","5","3","5","5","4","5","5","5","5","5","5","5","5","5","5","5","5","5","5","5","5","4","5","5","5","5","5","5","5","4","4","5","3","5","5","5"
"2021/12/04 11:32:35 AM GMT+2","4","5","4","5","5","4","5","4","5","4","0","4","4","4","5","0","5","5","3","0","4","3","5","4","4","4","0","0","5","5","5","5","3","4","4","5","5","5","2","3","5","5","2","5","5","5","2","3","2","2","2","2","2","2","2","1","4","0","4","3","5","3","2"
"2021/12/04 11:39:32 AM GMT+2","5","3","4","5","4","5","3","4","5","0","","1","5","4","5","0","5","2","3","3","3","3","5","0","2","0","2","2","4","2","5","5","4","5","5","4","5","3","0","4","4","5","5","2","2","4","1","1","3","2","0","3","0","0","2","0","3","0","0","4","4","0","0"
"2021/12/04 11:39:59 AM GMT+2","5","2","5","","5","5","2","","5","","","4","5","5","3","","","5","4","5","","2","5","","3","","","","3","1","","5","","","","","5","3","3","5","4","","","4","5","5","4","1","","5","3","1","","5","5","","3","","1","5","","5","3"
"2021/12/04 11:40:33 AM GMT+2","5","3","5","5","5","5","5","5","5","2","3","5","5","5","5","2","5","5","5","2","5","5","5","5","3","3","2","5","5","3","5","5","4","4","5","5","5","5","5","5","5","5","5","5","5","5","5","4","5","2","2","3","3","5","5","5","5","1","3","5","0","4","2"
"2021/12/04 11:40:34 AM GMT+2","5","5","5","5","3","5","1","2","5","2","3","5","1","5","5","0","5","5","5","5","1","5","5","5","3","5","0","0","3","3","5","5","5","2","5","0","5","4","5","2","5","5","5","5","5","5","0","5","5","2","4","1","1","5","0","5","5","0","2","5","5","0","1"
"2021/12/04 11:40:40 AM GMT+2","4","4","5","4","3","4","5","4","3","3","4","4","5","1","4","5","3","5","4","3","5","4","4","4","5","4","5","3","3","4","5","4","5","3","4","5","4","2","4","4","3","4","3","4","4","4","2","4","5","3","4","3","3","4","5","5","5","5","0","2","2","4","3"
"2021/12/04 11:43:21 AM GMT+2","5","5","5","5","5","4","4","5","5","0","4","5","4","4","4","3","4","5","5","2","5","5","5","4","4","3","3","5","3","3","5","5","3","4","5","5","5","5","2","3","5","5","5","4","3","4","5","3","4","3","4","4","5","5","5","5","5","3","3","5","3","5","4"
"2021/12/04 11:47:25 AM GMT+2","4","5","4","5","3","5","5","5","4","4","4","4","5","4","5","5","5","3","4","2","1","4","4","4","5","5","4","3","5","5","5","4","5","5","4","4","4","4","4","4","4","4","4","5","4","5","3","2","4","5","5","5","5","4","3","4","4","5","5","4","4","4","5"
"2021/12/04 11:57:40 AM GMT+2","4","3","4","3","5","4","3","5","3","2","4","5","5","4","5","3","4","4","4","3","4","4","4","3","2","2","2","3","2","3","4","3","4","3","4","5","4","2","4","3","4","4","4","4","5","4","3","4","5","3","1","2","3","3","2","5","4","5","3","3","3","4","3"
"2021/12/04 12:03:54 PM GMT+2","3","4","5","4","5","3","","5","4","1","5","5","1","0","4","","5","5","5","4","3","5","5","4","1","4","1","5","5","4","4","5","4","5","1","1","5","5","5","4","5","5","5","5","5","3","4","5","5","4","5","4","4","3","1","5","5","0","3","5","4","1","4"
"2021/12/04 12:07:09 PM GMT+2","","","","","5","","","","","","","3","4","5","2","","","","3","","4","4","","","0","","3","3","","2","5","","","4","5","","","","","3","5","","","5","","","3","","5","","2","","2","","","","5","","1","4","","4","2"
"2021/12/04 12:14:05 PM GMT+2","5","","","","","","4","3","","3","","5","4","","4","4","","","4","","","4","5","4","","","","","","2","","4","","","5","5","","","5","","4","4","5","","3","","4","","5","","","","","5","0","5","","3","","","","","4"
"2021/12/04 12:14:40 PM GMT+2","4","5","4","4","5","4","4","4","5","3","4","4","5","4","4","4","4","5","4","4","4","4","5","4","5","4","3","5","4","3","5","5","4","4","2","3","5","4","4","4","5","5","5","5","4","5","3","4","4","4","5","4","5","4","4","5","3","4","4","4","4","4","5"
"2021/12/04 12:14:51 PM GMT+2","5","5","5","4","5","5","1","5","5","0","","5","1","5","5","","5","5","5","5","0","5","5","5","","","5","3","3","","5","5","1","5","5","3","5","5","3","","5","5","5","5","0","3","","","5","0","","","0","","","3","3","0","0","5","","","0"
"2021/12/04 12:30:28 PM GMT+2","4","5","5","5","5","5","3","5","4","3","4","4","3","5","3","1","5","5","4","5","4","5","5","5","4","1","2","5","5","5","4","5","5","3","5","3","5","5","1","5","5","5","5","5","4","5","3","2","3","5","3","3","3","1","0","1","5","0","1","5","3","2","3"
"2021/12/04 12:37:15 PM GMT+2","5","5","5","5","5","5","3","2","2","3","3","0","2","5","2","2","1","5","3","4","5","3","5","5","1","3","0","2","3","3","5","4","1","2","4","0","4","3","3","4","5","5","5","5","4","5","0","2","3","4","1","2","4","3","0","4","4","0","2","2","3","0","3"
"2021/12/04 12:51:05 PM GMT+2","5","5","5","5","5","5","5","5","5","5","5","5","5","5","5","5","5","5","5","5","5","5","5","5","5","5","5","5","5","5","5","5","5","5","5","5","5","5","5","5","5","5","5","5","5","5","5","5","5","5","5","5","5","5","5","5","5","5","5","5","5","","5"
"2021/12/04 1:02:19 PM GMT+2","5","5","5","5","5","5","5","5","5","5","5","5","5","5","5","0","5","5","5","5","5","5","5","5","5","5","0","5","5","5","5","5","5","5","5","5","5","5","5","5","5","5","5","5","5","5","0","5","5","5","5","5","5","5","5","0","5","0","0","5","5","3","5"
"2021/12/04 1:05:52 PM GMT+2","5","5","5","5","5","5","5","5","5","5","0","5","5","5","5","5","5","5","3","5","5","5","5","5","5","5","0","0","5","5","5","5","5","5","5","0","5","5","5","5","0","5","5","5","5","5","0","0","5","0","5","5","5","5","0","5","4","0","0","5","5","5","5"
"2021/12/04 1:28:05 PM GMT+2","3","4","5","5","5","2","2","5","4","3","5","5","5","2","3","4","4","5","5","5","5","4","4","5","4","4","0","3","0","2","3","5","5","3","5","5","4","3","5","1","0","5","5","4","2","3","4","1","3","5","5","3","0","4","5","5","5","0","1","4","1","0","3"
"2021/12/04 1:33:38 PM GMT+2","5","5","5","5","5","4","1","5","5","4","5","5","5","4","5","5","3","5","5","5","5","5","5","5","2","4","5","5","5","3","5","5","5","4","5","5","3","3","5","3","5","5","5","5","5","3","5","5","5","5","0","5","2","5","5","5","5","5","2","3","3","5","3"
"2021/12/04 1:38:26 PM GMT+2","5","2","5","5","5","5","5","5","5","2","5","5","5","5","5","3","3","5","3","3","5","5","5","5","5","2","3","5","5","1","5","5","4","5","5","4","2","5","3","4","5","5","5","5","5","4","3","3","5","3","3","4","5","3","5","3","5","5","2","3","5","0","5"
"2021/12/04 1:38:48 PM GMT+2","4","5","5","3","4","4","1","3","5","2","5","5","3","5","5","5","5","4","5","3","5","3","5","5","2","3","3","5","3","4","3","5","2","4","5","5","5","4","5","5","5","5","5","5","5","5","5","5","5","3","3","5","2","4","1","5","3","3","2","5","5","3","2"
"2021/12/04 1:41:20 PM GMT+2","5","5","5","5","5","5","3","0","4","2","5","5","4","4","4","0","5","5","4","5","5","3","4","5","2","3","3","0","5","5","5","5","5","3","5","5","5","3","5","4","4","5","5","5","5","3","4","2","5","3","0","0","5","4","3","5","4","2","3","2","5","3","5"
"2021/12/04 1:51:44 PM GMT+2","5","4","4","5","5","4","5","5","5","3","5","5","5","4","4","5","5","5","4","5","5","4","5","4","3","5","4","5","4","3","4","5","5","4","4","4","5","5","3","5","5","5","3","5","5","5","0","3","5","4","4","4","4","5","4","3","5","0","3","3","3","2","4"
"2021/12/04 2:09:13 PM GMT+2","5","3","3","3","3","2","3","4","3","2","3","4","3","1","4","0","5","3","4","0","1","4","3","4","2","1","4","4","2","3","5","4","3","2","2","5","5","3","2","3","2","3","3","5","3","5","0","1","5","2","1","2","3","1","4","1","3","1","3","3","0","3","3"
"2021/12/04 2:12:07 PM GMT+2","5","5","1","4","1","5","1","5","3","1","0","1","1","5","1","3","4","4","4","5","1","3","5","1","4","5","0","0","5","1","4","4","5","2","4","5","4","5","5","4","5","5","5","1","5","5","0","5","5","5","1","3","2","4","1","5","5","0","3","3","5","5","4"
"2021/12/04 2:15:55 PM GMT+2","3","1","5","4","4","3","4","4","5","3","4","2","4","2","5","0","5","4","2","2","5","2","3","5","3","3","2","5","4","3","5","5","3","4","2","3","3","1","4","3","4","5","4","4","4","5","3","2","2","0","3","3","2","3","3","4","2","3","3","2","2","5","3"
"2021/12/04 2:17:24 PM GMT+2","5","5","5","5","4","5","5","5","5","5","5","5","5","2","4","0","3","5","2","5","5","5","1","1","3","2","0","0","4","5","5","5","5","5","2","5","5","3","3","3","2","3","2","5","5","5","5","2","5","5","3","3","2","5","5","5","5","5","0","2","5","0","2"
"2021/12/04 2:19:56 PM GMT+2","5","4","3","5","5","5","2","3","2","2","5","4","0","5","5","0","5","5","5","5","5","5","5","5","3","4","5","5","5","5","5","5","5","0","3","4","5","5","0","2","5","5","5","5","2","5","3","4","4","5","0","0","5","4","0","5","5","0","0","5","5","5","4"
"2021/12/04 2:25:29 PM GMT+2","5","5","5","5","5","5","1","4","5","4","0","1","5","5","5","0","2","5","5","5","5","5","5","5","5","5","0","0","0","5","5","5","5","5","5","1","5","5","4","5","5","5","5","2","5","3","3","5","3","5","1","1","4","1","0","1","5","0","2","5","5","5","3"
"2021/12/04 2:27:59 PM GMT+2","2","3","4","5","2","5","3","2","5","3","2","4","0","5","5","4","5","5","5","0","0","5","5","0","1","3","0","0","5","5","5","5","3","0","5","0","5","5","0","4","5","5","2","5","5","5","0","5","5","0","0","4","5","1","0","0","3","0","0","0","2","0","5"
"2021/12/04 2:31:05 PM GMT+2","3","5","2","4","5","5","5","5","5","0","2","5","5","5","5","5","5","2","5","5","1","5","5","3","1","2","5","2","4","4","5","5","4","5","2","5","5","5","2","5","5","5","2","3","5","4","5","4","5","5","1","3","2","0","0","3","5","2","3","2","5","0","2"
"2021/12/04 2:34:11 PM GMT+2","","5","","4","5","4","5","5","5","5","","","5","5","5","5","","5","","3","2","","5","","","","","","","5","","","5","4","5","","5","","4","","","","","5","","5","","5","5","4","","","","4","","","5","4","","5","","","4"
"2021/12/04 2:38:06 PM GMT+2","3","3","5","","5","5","3","5","5","3","5","3","5","","","5","","5","2","0","5","3","","5","3","","5","3","5","","3","5","5","4","5","5","5","5","5","0","","5","5","5","4","5","","3","5","5","1","2","2","3","5","5","4","0","0","","5","5","5"
"2021/12/04 2:43:31 PM GMT+2","4","4","5","5","4","5","3","5","4","4","1","3","2","4","5","1","4","5","4","3","5","4","5","5","0","4","1","3","3","3","4","4","4","3","3","4","4","5","3","4","4","5","5","5","4","5","4","5","5","1","0","3","3","5","3","0","4","0","1","4","2","3","3"
"2021/12/04 2:44:14 PM GMT+2","4","4","3","5","3","4","4","5","4","3","3","4","4","2","5","3","3","4","5","5","5","5","1","3","3","3","5","4","3","4","4","5","5","5","4","4","4","5","5","2","3","4","3","5","4","5","2","3","3","5","4","3","5","3","4","5","2","1","3","2","5","5","2"
"2021/12/04 2:48:38 PM GMT+2","3","3","4","5","5","3","2","3","4","2","3","5","4","1","3","5","4","4","5","2","5","3","4","4","5","5","0","3","5","3","5","5","5","5","2","4","5","5","1","3","5","4","4","5","4","3","3","4","5","4","2","","4","3","2","4","5","3","3","2","0","4","3"
"2021/12/04 2:53:36 PM GMT+2","5","5","5","5","5","4","4","5","5","5","","3","2","5","5","3","5","5","4","3","2","5","5","5","0","5","5","5","0","5","5","5","5","0","5","4","5","5","2","5","5","5","5","5","5","5","","2","4","5","2","2","5","1","3","2","5","3","0","5","2","4","5"
"2021/12/04 2:58:08 PM GMT+2","3","4","5","1","5","3","4","5","4","3","3","5","4","4","5","5","4","3","4","2","5","3","5","5","3","2","0","1","4","2","2","5","2","5","5","0","5","3","5","4","3","5","5","5","5","4","0","5","5","1","1","4","5","5","2","3","4","3","2","3","3","3","3"
"2021/12/04 3:04:18 PM GMT+2","3","","5","5","4","4","","3","5","1","4","","","4","4","3","2","4","4","3","0","3","2","2","4","4","0","0","4","2","4","5","3","2","5","","2","4","4","2","3","3","1","4","0","4","0","0","4","3","3","2","3","","0","0","3","1","0","2","2","0","2"
"2021/12/04 3:10:43 PM GMT+2","5","2","4","4","5","5","5","4","4","3","5","4","5","4","5","5","5","5","4","3","5","3","4","2","5","5","3","4","5","3","4","5","4","4","4","","5","4","3","3","5","5","4","5","5","5","3","5","4","5","3","3","4","1","4","4","5","3","2","4","3","5","2"
"2021/12/04 3:15:31 PM GMT+2","5","4","4","4","4","2","3","5","2","3","4","2","4","1","5","3","4","2","3","2","3","3","4","4","0","2","3","3","2","3","3","4","5","3","3","3","5","2","3","3","2","2","1","4","5","5","5","3","0","4","2","3","3","3","4","2","5","5","5","3","3","1","3"
"2021/12/04 3:22:15 PM GMT+2","5","4","5","3","5","4","1","4","4","1","4","5","1","4","5","5","5","5","5","4","1","4","5","4","2","3","0","3","4","5","5","5","5","5","5","0","5","0","4","4","5","5","4","4","4","4","0","4","4","3","2","0","4","5","0","4","4","0","4","4","0","5","4"
"2021/12/04 3:26:46 PM GMT+2","1","5","5","1","5","1","1","5","5","1","0","1","1","1","1","1","5","1","1","4","1","0","5","1","1","1","1","1","5","0","5","5","2","4","5","0","5","5","1","1","5","5","5","3","5","3","1","1","1","1","5","3","3","1","1","0","1","1","0","4","0","1","3"
"2021/12/04 3:29:15 PM GMT+2","3","3","4","3","5","4","3","3","5","3","1","4","1","3","5","0","3","5","5","4","4","5","5","3","5","4","1","1","3","3","5","5","3","3","5","5","3","4","4","4","4","3","4","5","1","5","3","3","5","2","2","4","4","4","2","5","5","1","3","2","3","1","4"
"2021/12/04 3:33:10 PM GMT+2","5","5","5","5","5","5","5","5","5","5","0","5","5","5","5","0","5","5","5","1","5","5","5","5","5","5","0","5","5","5","5","5","5","5","5","5","5","5","5","0","0","5","5","5","5","5","5","0","5","5","5","5","5","5","0","1","5","1","5","5","5","1","5"
"2021/12/04 3:38:46 PM GMT+2","4","2","2","5","5","2","5","5","4","4","4","3","5","2","3","3","3","5","5","3","5","5","4","3","3","4","3","3","5","5","4","5","4","3","3","3","5","3","5","3","2","4","4","3","5","3","3","5","5","4","4","2","4","5","4","5","4","2","3","3","1","5","4"
"2021/12/04 3:44:58 PM GMT+2","3","3","4","3","4","4","3","3","4","3","2","","3","4","3","0","3","2","2","4","4","3","4","4","3","3","3","","2","3","3","3","2","3","5","5","4","2","1","1","4","3","3","5","3","3","3","3","4","3","2","2","2","0","5","0","3","0","1","3","3","0","2"
"2021/12/04 3:49:24 PM GMT+2","3","5","4","5","4","5","0","5","3","4","3","3","5","2","5","5","4","3","4","1","1","4","4","4","5","5","5","2","5","5","5","5","1","5","4","5","3","1","5","3","4","4","4","5","3","4","5","5","2","5","5","0","4","5","3","5","5","5","0","4","3","5","2"
"2021/12/04 3:56:23 PM GMT+2","4","5","4","4","5","3","2","3","5","2","3","4","3","4","5","2","4","5","4","4","5","4","5","4","1","4","1","4","5","3","4","5","3","5","4","4","4","3","4","4","5","5","5","4","4","4","2","4","5","2","2","2","4","5","1","5","5","1","4","4","4","5","2"
"2021/12/04 4:01:47 PM GMT+2","4","5","5","5","5","4","2","4","4","2","3","5","4","1","5","5","4","3","4","4","5","4","5","1","1","4","3","4","4","3","5","5","5","5","4","0","5","3","1","2","1","5","3","5","3","2","1","5","4","5","5","4","4","1","1","5","4","0","3","4","1","3","4"
"2021/12/04 4:06:38 PM GMT+2","5","5","4","3","4","4","3","2","4","3","5","5","5","4","3","5","4","3","5","5","5","4","5","4","5","4","5","3","0","3","4","5","3","3","4","5","3","3","0","5","5","3","3","5","5","5","5","5","5","5","0","2","1","3","4","3","5","5","2","2","0","4","1"
"2021/12/04 4:13:50 PM GMT+2","4","5","5","2","5","5","4","4","5","4","0","1","1","4","3","1","5","5","5","5","2","5","5","3","4","1","0","0","4","5","3","4","1","5","5","0","4","5","0","5","5","5","5","5","5","5","1","5","1","0","0","1","1","0","1","0","3","0","1","3","0","1","0"
"2021/12/04 4:25:39 PM GMT+2","2","3","3","1","5","3","5","4","3","1","2","3","3","3","2","3","3","2","4","3","5","5","5","3","3","4","3","2","1","1","3","2","4","3","1","5","3","3","2","2","5","5","2","4","5","4","5","2","5","4","2","4","5","3","5","5","2","4","2","4","5","4","5"
"2021/12/04 4:30:26 PM GMT+2","4","3","4","2","1","3","4","3","3","3","5","3","4","4","3","5","3","3","4","4","4","4","4","4","1","3","5","4","2","1","2","1","4","3","4","5","2","1","3","2","4","4","3","4","5","2","3","3","2","4","5","4","1","4","3","4","2","4","1","3","3","3","2"
"2021/12/04 4:36:33 PM GMT+2","4","4","5","5","5","5","4","4","5","4","5","5","5","4","5","5","5","5","5","2","5","5","5","5","4","5","5","3","4","4","5","5","3","5","5","5","5","4","5","5","5","5","5","5","5","5","3","1","5","4","4","3","4","2","3","3","4","1","2","5","5","4","3"
"2021/12/04 5:53:13 PM GMT+2","","3","5","5","5","5","3","4","5","5","5","5","5","5","5","5","5","5","5","5","5","5","5","","0","5","5","5","5","5","5","5","4","5","5","5","5","5","5","5","5","5","5","5","5","5","5","5","5","5","0","5","5","5","5","5","5","5","5","5","5","5","5"
"2021/12/04 5:59:36 PM GMT+2","4","3","5","4","5","5","3","3","5","4","4","4","5","2","5","3","5","4","4","2","4","4","4","4","4","0","4","5","4","3","4","4","3","4","3","4","5","3","5","1","3","5","5","0","5","3","5","4","5","1","4","4","4","3","1","4","4","5","4","2","5","4","4"
"2021/12/04 11:34:01 PM GMT+2","3","3","5","5","5","5","4","4","4","3","3","5","5","4","4","","5","4","4","4","5","5","5","4","5","3","2","3","5","4","5","5","4","5","5","5","5","5","4","3","5","4","4","5","3","4","3","5","5","5","4","4","4","5","3","4","4","5","5","4","4","3","4"
"2021/12/05 1:16:44 AM GMT+2","2","3","5","4","5","3","4","3","5","3","5","5","4","5","5","5","5","4","4","0","5","4","4","5","3","3","5","5","3","2","5","5","2","0","4","5","5","5","5","5","5","4","3","5","5","3","5","5","5","0","0","0","0","0","5","4","5","1","2","5","2","0","0"
"2021/12/05 3:00:01 PM GMT+2","4","3","5","4","4","3","2","4","4","4","0","4","3","3","5","2","3","5","3","3","5","4","3","5","4","3","4","0","4","3","4","5","4","3","0","4","3","3","3","4","0","4","3","5","3","4","0","4","4","5","3","1","4","3","4","4","4","0","0","3","4","4","3"
"2021/12/05 3:05:39 PM GMT+2","0","5","5","5","5","5","5","5","5","5","3","5","2","5","5","1","3","5","5","5","4","5","5","4","1","2","2","3","5","4","5","5","4","5","5","3","5","5","0","0","5","5","5","4","1","5","5","5","5","5","3","0","5","1","0","1","","1","5","1","1","3","5"
"2021/12/05 3:07:25 PM GMT+2","1","3","0","5","1","0","3","3","0","0","5","5","3","0","0","0","5","5","0","0","5","1","3","3","5","5","3","5","0","1","0","3","2","2","0","5","5","3","0","0","1","4","1","3","0","3","5","1","5","5","5","5","2","5","0","5","5","1","0","0","1","2","0"
"2021/12/05 3:10:53 PM GMT+2","3","4","5","4","4","3","3","4","5","1","4","5","2","4","5","4","4","4","5","4","5","4","3","4","4","5","2","4","3","1","4","3","4","4","3","4","4","3","4","2","5","4","3","3","5","5","4","5","5","4","4","4","3","4","3","5","3","5","2","4","3","4","3"
"2021/12/05 3:12:31 PM GMT+2","5","5","4","5","5","3","3","","5","4","2","5","","5","3","0","5","3","5","","","5","5","2","4","","","3","5","5","4","5","5","4","5","","5","5","","5","4","5","","4","5","4","","","5","4","3","","","","5","","3","0","0","","5","",""
"2021/12/05 3:29:26 PM GMT+2","4","5","4","4","5","4","4","5","3","4","5","5","5","4","4","3","2","4","5","4","5","4","2","5","4","3","0","4","5","3","5","5","4","3","5","5","4","2","5","4","5","4","5","5","5","5","5","5","4","2","1","3","5","5","0","5","4","0","4","5","2","3","5"
"2021/12/05 3:31:05 PM GMT+2","3","4","5","5","5","3","1","2","4","3","2","5","2","5","2","1","5","5","5","0","2","5","5","0","1","3","0","0","4","5","5","5","3","2","5","5","5","4","3","1","5","4","5","5","5","3","5","4","5","4","3","4","0","5","0","5","4","0","3","4","5","4","0"
"2021/12/05 3:43:04 PM GMT+2","5","5","5","4","5","4","4","5","5","4","2","1","4","5","2","1","5","1","2","3","1","2","5","1","4","2","3","2","4","3","4","5","5","5","3","5","5","5","1","1","5","4","4","5","5","5","1","4","2","4","4","4","4","1","1","2","5","1","4","4","4","4","5"
"2021/12/05 3:43:06 PM GMT+2","2","","4","4","","","2","4","","","3","","3","","","","","4","","4","","","","","4","","","","","4","4","4","4","4","","","5","","","","5","","","3","","","","3","","","","4","3","4","","4","","","3","","5","","4"
"2021/12/05 3:52:32 PM GMT+2","5","5","3","5","5","5","2","5","5","4","4","4","5","3","3","4","5","5","3","3","5","4","3","5","2","2","5","4","5","5","5","5","3","5","5","5","5","3","3","4","5","5","5","3","5","5","5","5","3","2","3","3","5","0","4","1","4","3","4","5","5","4","4"
"2021/12/05 4:43:51 PM GMT+2","3","2","3","4","4","4","4","3","4","2","4","2","5","3","4","3","4","4","3","2","5","3","3","3","2","3","4","4","2","3","5","4","3","3","2","5","2","3","1","3","4","5","3","4","5","3","3","3","2","4","3","4","2","3","4","4","2","4","5","2","3","4","3"
"2021/12/05 6:09:35 PM GMT+2","5","4","3","5","4","3","0","4","5","0","5","4","0","4","5","2","5","5","4","0","3","4","4","0","4","5","4","5","3","5","5","5","4","1","4","4","4","5","4","4","4","4","4","4","5","5","4","5","3","5","5","3","5","4","0","4","4","5","4","4","1","5","5"
"2021/12/05 6:10:01 PM GMT+2","3","0","4","4","5","3","4","3","5","2","2","2","4","4","5","4","2","2","1","3","5","3","2","0","3","1","1","4","1","1","4","3","3","5","3","5","0","0","4","1","4","4","1","4","0","5","4","0","0","0","0","1","1","4","0","3","1","3","1","1","3","0","5"
"2021/12/05 6:12:49 PM GMT+2","2","2","5","5","3","5","4","5","3","0","3","0","4","0","3","3","5","5","0","3","4","3","4","2","0","4","0","2","5","5","5","5","5","5","3","5","3","2","0","0","5","4","4","5","3","5","0","3","0","5","1","5","3","0","0","0","2","0","0","2","0","0","3"
"2021/12/05 6:16:15 PM GMT+2","4","5","4","4","5","4","4","4","4","4","4","4","5","2","3","3","4","3","5","4","3","4","4","3","4","4","3","2","3","3","4","4","4","5","3","4","3","3","4","2","3","4","4","5","5","5","4","3","5","4","5","4","3","2","3","3","5","0","2","3","4","5","5"
"2021/12/05 6:20:11 PM GMT+2","3","4","4","3","4","4","2","3","3","3","4","4","4","4","4","4","4","3","4","4","5","3","4","4","5","3","4","2","4","4","4","5","2","4","5","4","4","3","2","1","5","3","4","5","4","3","3","4","4","3","3","3","4","4","3","4","3","4","3","3","3","3","3"
"2021/12/05 7:00:32 PM GMT+2","3","5","5","5","4","5","4","5","5","1","2","5","5","5","5","3","4","3","4","1","5","4","5","5","5","5","4","4","1","2","5","5","3","5","5","3","4","5","2","2","5","5","","5","2","5","5","4","5","5","1","3","5","5","1","5","4","1","1","5","5","1","5"
"2021/12/05 10:02:00 PM GMT+2","0","3","4","1","4","4","1","0","4","0","1","1","3","3","3","1","3","4","1","3","5","0","3","4","1","3","1","1","3","0","4","4","4","4","3","4","3","5","1","3","3","3","1","4","3","3","3","0","0","4","4","3","4","3","1","2","4","0","1","3","4","3","3"
"2021/12/05 10:09:53 PM GMT+2","","","","","1","","","","","","","","","5","","","","","1","","","","","1","","","","","","","","","","","5","5","","5","5","5","5","5","5","","5","","","1","","1","","","","","","","","","","5","5","5",""
"2021/12/05 11:34:47 PM GMT+2","0","4","4","3","5","4","0","4","3","0","2","2","5","3","5","2","5","3","5","5","5","4","2","4","4","0","5","3","5","2","4","5","3","3","5","5","1","4","0","4","3","5","4","4","0","5","1","3","2","5","0","3","1","5","2","5","1","5","4","1","0","0","5"
"2021/12/06 6:07:50 AM GMT+2","5","5","5","5","5","5","5","5","5","3","5","5","5","0","5","5","5","5","5","5","5","5","5","2","5","5","4","5","3","5","5","5","5","5","5","5","0","5","2","5","5","5","5","5","5","5","5","5","5","5","5","5","2","5","5","5","5","5","5","5","5","5","5"
"2021/12/07 12:11:36 AM GMT+2","5","","","5","","5","","3","","","","","","","","4","","","","","0","","","5","3","3","3","","4","3","5","5","","3","","","5","5","","","","5","","","3","2","","5","","5","3","","4","","","","","","5","3","5","","3"
2021/12/04 12:27:53 AM GMT+2,0,0,5,0,0,0,0,0,0,0,0,0,0,0,0,5,0,2,0,0,0,0,0,0,0,0,0,0,0,0,0,0,0,0,0,3,0,0,0,0,5,0,0,0,0,0,0,0,0,0,0,0,0,0,0,0,0,0,0,0,0,0
2021/12/04 12:27:53 AM GMT+2,0,0,0,5,0,0,0,0,2,0,0,0,0,0,0,0,0,0,0,0,0,0,0,0,0,4,0,0,0,0,0,0,0,0,0,0,0,0,1,0,0,0,0,0,0,0,3,0,0,0,0,0,0,0,0,0,0,0,0,0,0,0
2021/12/04 12:27:53 AM GMT+2,5,0,0,0,0,0,0,0,2,0,0,2,0,4,0,0,0,2,0,0,0,0,5,0,0,0,0,0,0,0,4,0,0,0,0,0,5,0,0,0,5,0,0,0,0,0,0,0,0,0,0,1,0,0,0,0,0,0,0,0,0,0
2021/12/04 12:27:53 AM GMT+2,0,0,0,0,0,5,0,0,0,0,0,0,0,1,5,0,0,0,0,0,0,0,0,0,0,0,0,4,0,0,0,0,0,0,0,0,0,0,1,0,1,0,0,0,0,0,0,0,0,0,0,0,0,1,5,0,0,0,0,0,0,1
2021/12/04 12:27:53 AM GMT+2,0,5,0,0,0,0,0,0,0,0,0,4,3,5,0,0,0,0,0,0,0,0,0,0,0,0,0,0,4,0,0,5,0,0,0,0,5,0,0,0,5,5,4,0,0,0,3,0,0,0,0,0,0,1,0,1,0,1,0,3,0,0
